system:index,NDVI,date,precipitation,smap_count,soil_moisture,temp_max,temp_min,.geo
2016_01_01,0.35272982759019905,2016-01-01,82.03766722742112,16,0.2796680398026867,283.0505119344763,274.2113842476598,"{""type"":""MultiPoint"",""coordinates"":[]}"
2016_01_17,0.42294644609364784,2016-01-17,94.76389640979231,16,0.29074812190626337,286.02443038642394,276.30381425583704,"{""type"":""MultiPoint"",""coordinates"":[]}"
2016_02_02,0.4284280616152929,2016-02-02,16.189781638361943,16,0.23926274065239453,291.3582560315368,277.47097081654437,"{""type"":""MultiPoint"",""coordinates"":[]}"
2016_02_18,0.4317961710288241,2016-02-18,24.57160175482321,16,0.22468200175200717,292.02114437839714,278.3982999862186,"{""type"":""MultiPoint"",""coordinates"":[]}"
2016_03_05,0.44484518365700093,2016-03-05,114.8156354162279,16,0.27656923363870617,290.0493926026393,278.6387947409259,"{""type"":""MultiPoint"",""coordinates"":[]}"
2016_03_21,0.44343651335275774,2016-03-21,10.815487475414665,16,0.20130211638797005,292.2628223641291,278.4881968899215,"{""type"":""MultiPoint"",""coordinates"":[]}"
2016_04_06,0.43168528426428354,2016-04-06,23.667029421309977,16,0.19131030558390147,295.2010473191232,281.8598990054712,"{""type"":""MultiPoint"",""coordinates"":[]}"
2016_04_22,0.4231772911484462,2016-04-22,22.91348878498774,15,0.1798074378024529,293.00660647656434,280.6777176653758,"{""type"":""MultiPoint"",""coordinates"":[]}"
2016_05_08,0.40408089352276944,2016-05-08,6.242051203719368,16,0.15265428819205343,296.80214600108445,282.9675371605048,"{""type"":""MultiPoint"",""coordinates"":[]}"
2016_05_24,0.39167134660346015,2016-05-24,2.473996011659617,16,0.13187867757560173,302.60876306652983,286.70655862204774,"{""type"":""MultiPoint"",""coordinates"":[]}"
2016_06_09,0.3814058087451995,2016-06-09,6.401951063421501,16,0.12251423659918144,301.66533749917824,286.3383442836615,"{""type"":""MultiPoint"",""coordinates"":[]}"
2016_06_25,0.37393934254506656,2016-06-25,1.8535325205333,16,0.11563103960261263,305.1460992737907,289.08940702815835,"{""type"":""MultiPoint"",""coordinates"":[]}"
2016_07_11,0.36968459320481595,2016-07-11,0.015207509217446336,16,0.10617600674957749,306.1621467178352,289.07813458600805,"{""type"":""MultiPoint"",""coordinates"":[]}"
2016_07_27,0.36447413547267327,2016-07-27,0.8839269171584425,16,0.1115800823304867,306.2044969575635,289.8671909209862,"{""type"":""MultiPoint"",""coordinates"":[]}"
2016_08_12,0.35825009412054426,2016-08-12,0.93713926236495,16,0.1089707598299851,305.90214365207805,289.6149497477793,"{""type"":""MultiPoint"",""coordinates"":[]}"
2016_08_28,0.3576761245272213,2016-08-28,0.06936522286382761,16,0.10795814409623156,302.7115495182857,286.5341882954036,"{""type"":""MultiPoint"",""coordinates"":[]}"
2016_09_13,0.3535615495862831,2016-09-13,2.13932505128964,15,0.11132869923578942,300.9735684411081,284.9198351277259,"{""type"":""MultiPoint"",""coordinates"":[]}"
2016_09_29,0.35689154786239974,2016-09-29,24.12474080339707,16,0.14141806045756747,296.703686294663,282.4947318678865,"{""type"":""MultiPoint"",""coordinates"":[]}"
2016_10_15,0.3590075577019378,2016-10-15,90.46907161808903,16,0.2356142810097205,293.65366618522575,282.59686459528064,"{""type"":""MultiPoint"",""coordinates"":[]}"
2016_10_31,0.3925262237790814,2016-10-31,13.394864345512664,16,0.22796312305342886,294.2058385344461,281.33238055236023,"{""type"":""MultiPoint"",""coordinates"":[]}"
2016_11_16,0.4014557837453777,2016-11-16,54.16027354568378,16,0.23152856591051305,285.828260937248,275.2208658637969,"{""type"":""MultiPoint"",""coordinates"":[]}"
2016_12_02,0.40003706446245657,2016-12-02,90.45360087971146,16,0.23668073571623569,285.3832168300836,275.31141008118885,"{""type"":""MultiPoint"",""coordinates"":[]}"
2016_12_18,0.41309497632136005,2016-12-18,41.7822253204856,16,0.2649934828546708,283.4572209262192,272.93244038354084,"{""type"":""MultiPoint"",""coordinates"":[]}"
2017_01_01,0.4037870651239685,2017-01-01,168.1514436975374,16,0.30199654215464256,282.83790605691644,274.57322506688024,"{""type"":""MultiPoint"",""coordinates"":[]}"
2017_01_17,0.4033488538553019,2017-01-17,106.83640589653844,16,0.294707281043973,284.1665176794727,273.92454082762794,"{""type"":""MultiPoint"",""coordinates"":[]}"
2017_02_02,0.42363533828362077,2017-02-02,151.0847992027985,16,0.30015130464060674,287.72576487766435,278.88054517231876,"{""type"":""MultiPoint"",""coordinates"":[]}"
2017_02_18,0.44660243478692513,2017-02-18,70.87977185155418,16,0.29300694021388485,285.01301307693836,274.3394628286216,"{""type"":""MultiPoint"",""coordinates"":[]}"
2017_03_06,0.4459819753004716,2017-03-06,32.16504938982033,16,0.24235693142363549,293.6260832546799,280.2383652263928,"{""type"":""MultiPoint"",""coordinates"":[]}"
2017_03_22,0.46138946866880337,2017-03-22,41.881241247528905,16,0.23789872566079068,291.22006469557084,278.76841938878283,"{""type"":""MultiPoint"",""coordinates"":[]}"
2017_04_07,0.44120855075813736,2017-04-07,50.550708560595886,16,0.22856464595170328,291.6349149984518,278.89421692570244,"{""type"":""MultiPoint"",""coordinates"":[]}"
2017_04_23,0.42937668007110036,2017-04-23,9.426728344345888,16,0.18486078875106907,295.96456877530676,281.8009577034825,"{""type"":""MultiPoint"",""coordinates"":[]}"
2017_05_09,0.41459198808096315,2017-05-09,4.556510442380049,16,0.1442370971548212,297.34383425994844,282.26385968451484,"{""type"":""MultiPoint"",""coordinates"":[]}"
2017_05_25,0.39662505666437886,2017-05-25,5.3038103101367176,16,0.140446299616307,300.19515679329714,285.10681439748987,"{""type"":""MultiPoint"",""coordinates"":[]}"
2017_06_10,0.3931526643343593,2017-06-10,3.162560130676904,16,0.13651119258597638,304.42007196084796,288.43075899897923,"{""type"":""MultiPoint"",""coordinates"":[]}"
2017_06_26,0.38850454581169264,2017-06-26,0.2176140525532766,16,0.12296276700288224,306.3654407541808,289.93571427539,"{""type"":""MultiPoint"",""coordinates"":[]}"
2017_07_12,0.38351002166711595,2017-07-12,1.251196587738415,16,0.12194522282855656,306.43167129764237,290.517867271766,"{""type"":""MultiPoint"",""coordinates"":[]}"
2017_07_28,0.3765957225757098,2017-07-28,4.160325952311327,16,0.13310485895687516,306.51521198516303,291.31906002046514,"{""type"":""MultiPoint"",""coordinates"":[]}"
2017_08_13,0.373941302423874,2017-08-13,0.7059632702296175,16,0.11919039827745773,305.29853526305067,289.7483152931166,"{""type"":""MultiPoint"",""coordinates"":[]}"
2017_08_29,0.3720531575520176,2017-08-29,6.539566537594161,16,0.1435186522744969,305.69899060479065,290.79355655587375,"{""type"":""MultiPoint"",""coordinates"":[]}"
2017_09_14,0.3734014545432507,2017-09-14,4.643877100754501,16,0.1327368442434273,297.3591789199968,283.11263413557907,"{""type"":""MultiPoint"",""coordinates"":[]}"
2017_09_30,0.36407445599701516,2017-09-30,0.1638800000931689,16,0.11568667012988099,296.9260550257081,280.6718557113875,"{""type"":""MultiPoint"",""coordinates"":[]}"
2017_10_16,0.36625622867061275,2017-10-16,11.123388794564933,16,0.16498157218575027,297.84012877604863,282.5507627224507,"{""type"":""MultiPoint"",""coordinates"":[]}"
2017_11_01,0.3702162158899631,2017-11-01,60.90238957185414,16,0.1895852214706565,289.7567340058526,279.3573979277344,"{""type"":""MultiPoint"",""coordinates"":[]}"
2017_11_17,0.3672793446402427,2017-11-17,29.72963518413264,16,0.22144149557465345,290.85151101164644,278.65475411880186,"{""type"":""MultiPoint"",""coordinates"":[]}"
2017_12_03,0.3813825141402444,2017-12-03,0.5731707328685363,16,0.16866003255918297,288.97169632796846,275.1799877549002,"{""type"":""MultiPoint"",""coordinates"":[]}"
2017_12_19,0.3732797854407803,2017-12-19,7.496336670820888,16,0.1695809772977909,287.864781250121,275.3001553966343,"{""type"":""MultiPoint"",""coordinates"":[]}"
2018_01_01,0.381020409438275,2018-01-01,56.06457116816904,16,0.24660473793997761,288.4838410758092,278.4730339825554,"{""type"":""MultiPoint"",""coordinates"":[]}"
2018_01_17,0.373811462173563,2018-01-17,34.25275223180095,16,0.2364877607986434,287.5140585900996,275.63632545630475,"{""type"":""MultiPoint"",""coordinates"":[]}"
2018_02_02,0.40207288746455183,2018-02-02,1.384211302989576,16,0.19648644741590507,291.0858432159074,276.8476467542371,"{""type"":""MultiPoint"",""coordinates"":[]}"
2018_02_18,0.3843573772547029,2018-02-18,52.03174185032416,16,0.1855599874977287,282.8458335164454,270.8646514309238,"{""type"":""MultiPoint"",""coordinates"":[]}"
2018_03_06,0.38404565080335057,2018-03-06,85.78222213334668,16,0.24307151250650144,288.29322817471456,277.11477716556413,"{""type"":""MultiPoint"",""coordinates"":[]}"
2018_03_22,0.4152360839444152,2018-03-22,53.69279979058224,16,0.22889183238805666,292.13204508375435,279.2682031034942,"{""type"":""MultiPoint"",""coordinates"":[]}"
2018_04_07,0.4256568400607656,2018-04-07,21.018791992539647,16,0.20426816148126367,292.80805955029683,278.56925456877207,"{""type"":""MultiPoint"",""coordinates"":[]}"
2018_04_23,0.42289904947667833,2018-04-23,5.956491502656066,16,0.16623493115627622,296.7487623639499,282.09852251155525,"{""type"":""MultiPoint"",""coordinates"":[]}"
2018_05_09,0.4103926843407792,2018-05-09,8.223188360951477,16,0.14265304526904524,296.8687360679621,283.28375228803804,"{""type"":""MultiPoint"",""coordinates"":[]}"
2018_05_25,0.4021201633115914,2018-05-25,6.456331210331887,16,0.14819766002990908,299.90074851800523,284.50253251126094,"{""type"":""MultiPoint"",""coordinates"":[]}"
2018_06_10,0.3822208332191193,2018-06-10,0.8058476721687587,16,0.11790338980055057,303.3237604240444,286.85724636790917,"{""type"":""MultiPoint"",""coordinates"":[]}"
2018_06_26,0.37653153454536614,2018-06-26,1.808589927330867,16,0.11403756725358448,305.17059257210036,288.9555774169382,"{""type"":""MultiPoint"",""coordinates"":[]}"
2018_07_12,0.37551330978027014,2018-07-12,3.1488010304032517,16,0.12857963080958282,307.7919338397618,292.3665298137819,"{""type"":""MultiPoint"",""coordinates"":[]}"
2018_07_28,0.3616460566670347,2018-07-28,0.5860909588723949,16,0.12344750998135898,307.1896740158982,291.0390400202156,"{""type"":""MultiPoint"",""coordinates"":[]}"
2018_08_13,0.3525258280798674,2018-08-13,0.29030228184528106,16,0.11663516980293848,304.48784683378614,289.167501870999,"{""type"":""MultiPoint"",""coordinates"":[]}"
2018_08_29,0.3558476622326405,2018-08-29,0.1903425642211854,16,0.11317470497166181,303.3762344846768,287.24826741461555,"{""type"":""MultiPoint"",""coordinates"":[]}"
2018_09_14,0.35237095977212163,2018-09-14,1.168035479937936,16,0.1085612074819135,301.834950268557,285.40972397459143,"{""type"":""MultiPoint"",""coordinates"":[]}"
2018_09_30,0.3651470898137112,2018-09-30,17.537946135245594,16,0.1714579210983371,295.42671159715985,282.9167732569715,"{""type"":""MultiPoint"",""coordinates"":[]}"
2018_10_16,0.35621871613226974,2018-10-16,1.6456172656057098,16,0.1322580463803243,296.3989543300235,281.5262814085386,"{""type"":""MultiPoint"",""coordinates"":[]}"
2018_11_01,0.3572049557052332,2018-11-01,0.026407324878894092,16,0.12289015998763445,293.2753691873504,278.2702617425906,"{""type"":""MultiPoint"",""coordinates"":[]}"
2018_11_17,0.35135096373788305,2018-11-17,88.26475480442525,16,0.21871040976531375,287.59530280174295,277.17902991663465,"{""type"":""MultiPoint"",""coordinates"":[]}"
2018_12_03,0.373228232889225,2018-12-03,35.118408630654976,16,0.2583614145718892,285.6304036621059,275.8393449828358,"{""type"":""MultiPoint"",""coordinates"":[]}"
2018_12_19,0.4001422098635475,2018-12-19,21.02138876023242,16,0.2369693903023581,285.0029911564194,274.07447182146444,"{""type"":""MultiPoint"",""coordinates"":[]}"
2019_01_01,0.4005530195998044,2019-01-01,104.40271236168141,16,0.2535311568750157,284.34927222040926,275.0556999588529,"{""type"":""MultiPoint"",""coordinates"":[]}"
2019_01_17,0.4239476839655044,2019-01-17,53.344509315442544,16,0.2789962181851755,287.84700270543993,276.93691553215183,"{""type"":""MultiPoint"",""coordinates"":[]}"
2019_02_02,0.3988950678830621,2019-02-02,156.97748829856607,16,0.3081889941497275,281.6749925165277,272.8278212870395,"{""type"":""MultiPoint"",""coordinates"":[]}"
2019_02_18,0.4112595676884559,2019-02-18,102.79516120142776,16,0.2797239792035249,284.5914839985842,274.7076906343055,"{""type"":""MultiPoint"",""coordinates"":[]}"
2019_03_06,0.44750959523684447,2019-03-06,33.549329945054865,16,0.26876541351862177,287.8219801356649,276.0503708013047,"{""type"":""MultiPoint"",""coordinates"":[]}"
2019_03_22,0.4482535932367789,2019-03-22,47.64910172823756,16,0.2424028912555493,289.71912047150647,278.5762970709634,"{""type"":""MultiPoint"",""coordinates"":[]}"
2019_04_07,0.4485721026337225,2019-04-07,18.15882023446022,16,0.20882112324837476,293.6824675421524,280.21089023120135,"{""type"":""MultiPoint"",""coordinates"":[]}"
2019_04_23,0.4339757080442425,2019-04-23,1.4024127792131897,16,0.15913016035417749,297.5088626971454,282.50309646002813,"{""type"":""MultiPoint"",""coordinates"":[]}"
2019_05_09,0.40983201587133716,2019-05-09,56.01851073467006,16,0.21181762004972776,292.94144688483783,281.4980400986049,"{""type"":""MultiPoint"",""coordinates"":[]}"
2019_05_25,0.4144868568771014,2019-05-25,12.228160022258693,16,0.19296137498924382,298.355786131129,284.1782501668169,"{""type"":""MultiPoint"",""coordinates"":[]}"
2019_06_10,0.4073515251944897,2019-06-10,0.28388142041743397,10,0.14004005370169223,303.6653348587638,287.97387718068285,"{""type"":""MultiPoint"",""coordinates"":[]}"
2019_06_26,0.39664719130536713,2019-06-26,0.168467863801093,0,-9999.0,301.9317430354596,286.51880827343456,"{""type"":""MultiPoint"",""coordinates"":[]}"
2019_07_12,0.39202077938053265,2019-07-12,1.3673889426332815,5,0.12744404691463446,305.8758671084042,290.1093029465058,"{""type"":""MultiPoint"",""coordinates"":[]}"
2019_07_28,0.3871227118715721,2019-07-28,2.524134774159565,16,0.12660329383192326,305.0785976302344,289.2750984708503,"{""type"":""MultiPoint"",""coordinates"":[]}"
2019_08_13,0.3837392292683529,2019-08-13,0.31281604138242064,16,0.11994468447519802,306.4132707579326,289.99617051519385,"{""type"":""MultiPoint"",""coordinates"":[]}"
2019_08_29,0.3801282428702819,2019-08-29,1.6306126514005166,16,0.12301308634355779,303.80624521667,288.17102657631415,"{""type"":""MultiPoint"",""coordinates"":[]}"
2019_09_14,0.38032296453529796,2019-09-14,14.941053310858353,16,0.1613665432891153,298.8243546621697,284.50851705622046,"{""type"":""MultiPoint"",""coordinates"":[]}"
2019_09_30,0.3781192685293941,2019-09-30,0.8109235737210532,16,0.13206960571837884,296.35337063347674,280.0570812334976,"{""type"":""MultiPoint"",""coordinates"":[]}"
2019_10_16,0.37153329832279425,2019-10-16,4.626627013748012,16,0.13109517001941823,294.6281259672084,279.44802267230403,"{""type"":""MultiPoint"",""coordinates"":[]}"
2019_11_01,0.36277428448902177,2019-11-01,0.33336916436617936,16,0.12855774358715094,295.8111924715694,280.01477815743635,"{""type"":""MultiPoint"",""coordinates"":[]}"
2019_11_17,0.37593250388705285,2019-11-17,73.55642084224884,16,0.19540232071829852,286.3370287054044,275.53284853287647,"{""type"":""MultiPoint"",""coordinates"":[]}"
2019_12_03,0.3719517924463645,2019-12-03,65.87118059187846,16,0.287858976261857,285.10407623088776,276.6484938651869,"{""type"":""MultiPoint"",""coordinates"":[]}"
2019_12_19,0.40574203545808035,2019-12-19,35.67042008747165,16,0.2698462573043042,284.2507948215294,274.60423624100656,"{""type"":""MultiPoint"",""coordinates"":[]}"
2020_01_01,0.41058776657049856,2020-01-01,34.10741384106744,16,0.24691666337592869,284.8981072146923,273.74505719980556,"{""type"":""MultiPoint"",""coordinates"":[]}"
2020_01_17,0.4050737787860301,2020-01-17,24.081699880546118,16,0.24829735452001073,287.3118032899661,276.63202552596977,"{""type"":""MultiPoint"",""coordinates"":[]}"
2020_02_02,0.4335887924089069,2020-02-02,2.402461310276113,16,0.20739503585328387,287.92862869335863,274.3350224374288,"{""type"":""MultiPoint"",""coordinates"":[]}"
2020_02_18,0.42343440038370234,2020-02-18,3.7622617964887177,16,0.17774503508890635,291.24962257954707,276.74854425161794,"{""type"":""MultiPoint"",""coordinates"":[]}"
2020_03_05,0.430326449073432,2020-03-05,60.48799837196456,16,0.20870964696691172,287.420475220229,276.67293684538197,"{""type"":""MultiPoint"",""coordinates"":[]}"
2020_03_21,0.440042689067837,2020-03-21,46.8389159656351,16,0.22018077459862442,287.5464645349863,276.32233747804327,"{""type"":""MultiPoint"",""coordinates"":[]}"
2020_04_06,0.45352210411911276,2020-04-06,28.63215336860895,16,0.22466669219867286,291.26964433818057,279.1472288018589,"{""type"":""MultiPoint"",""coordinates"":[]}"
2020_04_22,0.4486769460678201,2020-04-22,3.1423577718966755,16,0.15139399760796995,299.4460996735938,283.4783173345505,"{""type"":""MultiPoint"",""coordinates"":[]}"
2020_05_08,0.4191985181134194,2020-05-08,27.721516506838082,16,0.17169407663181618,296.3164392694428,282.5839912357078,"{""type"":""MultiPoint"",""coordinates"":[]}"
2020_05_24,0.4079893664191351,2020-05-24,6.055347565347037,16,0.14974715255582555,301.5383634496607,285.9590819567879,"{""type"":""MultiPoint"",""coordinates"":[]}"
2020_06_09,0.3974858395624557,2020-06-09,1.795918425332784,16,0.12502621599984642,302.6580060126346,286.59691880851807,"{""type"":""MultiPoint"",""coordinates"":[]}"
2020_06_25,0.38809865504093416,2020-06-25,0.3017866713718934,16,0.11864574165669126,304.0391032556911,287.40115979700613,"{""type"":""MultiPoint"",""coordinates"":[]}"
2020_07_11,0.3826463234094635,2020-07-11,0.6694090608682273,16,0.11824885841945779,306.3670127657045,289.8272017590705,"{""type"":""MultiPoint"",""coordinates"":[]}"
2020_07_27,0.3786355627905362,2020-07-27,0.8079799758176937,16,0.1180292173834086,305.9415448836932,289.5714491961125,"{""type"":""MultiPoint"",""coordinates"":[]}"
2020_08_12,0.3781154692931453,2020-08-12,1.4721787057537978,16,0.12493981772989993,307.42756647267487,292.51270622992377,"{""type"":""MultiPoint"",""coordinates"":[]}"
2020_08_28,0.3545012565252786,2020-08-28,0.014408551687799151,16,0.11858595061862419,304.9988230979512,289.5285775221067,"{""type"":""MultiPoint"",""coordinates"":[]}"
2020_09_13,0.35580384980480523,2020-09-13,1.056560584752797,16,0.11613638055568087,302.43196322544173,287.25702133383624,"{""type"":""MultiPoint"",""coordinates"":[]}"
2020_09_29,0.3564554081872564,2020-09-29,1.7244055033897745,16,0.11947509844537392,302.17597502470795,286.5465393918255,"{""type"":""MultiPoint"",""coordinates"":[]}"
2020_10_15,0.3533441659552221,2020-10-15,0.08635949772101462,16,0.11885319742757776,297.5659171521513,282.4305494041482,"{""type"":""MultiPoint"",""coordinates"":[]}"
2020_10_31,0.3499857130045187,2020-10-31,17.229140240480703,16,0.14593505268991522,290.85862404689766,277.6521962837878,"{""type"":""MultiPoint"",""coordinates"":[]}"
2020_11_16,0.35439522089416253,2020-11-16,18.076413210509614,16,0.18501255228711586,288.9200437043327,276.12377588316843,"{""type"":""MultiPoint"",""coordinates"":[]}"
2020_12_02,0.3528548586612507,2020-12-02,27.047118567597508,16,0.17374316423884437,287.1811148509285,274.9230555822762,"{""type"":""MultiPoint"",""coordinates"":[]}"
2020_12_18,0.3481456997276592,2020-12-18,24.97033431903082,16,0.2165069239187882,285.49776569034736,274.21724590590674,"{""type"":""MultiPoint"",""coordinates"":[]}"
2021_01_01,0.3366460600759408,2021-01-01,24.889670420389322,16,0.21716776783695288,287.4953993815042,275.8250386568659,"{""type"":""MultiPoint"",""coordinates"":[]}"
2021_01_17,0.365432847587302,2021-01-17,82.30366612164244,16,0.23047023614755924,284.50575223257147,274.62982467206956,"{""type"":""MultiPoint"",""coordinates"":[]}"
2021_02_02,0.366310474784055,2021-02-02,25.066355175366294,16,0.23587513896330636,287.4221629740204,276.22381279152546,"{""type"":""MultiPoint"",""coordinates"":[]}"
2021_02_18,0.38252557404818466,2021-02-18,16.063233491906022,16,0.19861457302094176,288.95659115003315,274.72977518555285,"{""type"":""MultiPoint"",""coordinates"":[]}"
2021_03_06,0.3815553978870232,2021-03-06,38.299919471059404,16,0.22599351337693638,285.6843169227518,274.3588669252519,"{""type"":""MultiPoint"",""coordinates"":[]}"
2021_03_22,0.39360595518743796,2021-03-22,1.115682476189026,16,0.17661460215043914,292.8809219274143,278.23337719759166,"{""type"":""MultiPoint"",""coordinates"":[]}"
2021_04_07,0.38705061129486756,2021-04-07,0.7615485844712802,16,0.12921588727356206,294.8365659512076,279.81972844707497,"{""type"":""MultiPoint"",""coordinates"":[]}"
2021_04_23,0.3831953482644034,2021-04-23,6.291435448449335,16,0.13497843959837683,296.3794477490704,281.63885820515713,"{""type"":""MultiPoint"",""coordinates"":[]}"
2021_05_09,0.36875083582919,2021-05-09,2.4197297176979466,16,0.11599778103901515,297.0298299200837,282.5250241660951,"{""type"":""MultiPoint"",""coordinates"":[]}"
2021_05_25,0.3622460839424716,2021-05-25,0.43573876681342694,16,0.11268692529265972,301.7009487910266,286.033394229108,"{""type"":""MultiPoint"",""coordinates"":[]}"
2021_06_10,0.3592156706497542,2021-06-10,3.0348473247574557,16,0.11787614682059856,304.53521703727245,288.8329704816901,"{""type"":""MultiPoint"",""coordinates"":[]}"
2021_06_26,0.3558422327774247,2021-06-26,0.9642458751129906,16,0.11672072258282877,307.65222972804264,292.0649362887814,"{""type"":""MultiPoint"",""coordinates"":[]}"
2021_07_12,0.35369194491600475,2021-07-12,4.092557403087902,16,0.1220670757352991,306.0609052686488,291.20422849594866,"{""type"":""MultiPoint"",""coordinates"":[]}"
2021_07_28,0.35089349754532,2021-07-28,2.3657917630905425,16,0.12059458375497263,306.7466200894398,291.2305774731019,"{""type"":""MultiPoint"",""coordinates"":[]}"
2021_08_13,0.3356436619828111,2021-08-13,0.33556531081965596,16,0.10926291634697954,304.22620924358523,289.309200404094,"{""type"":""MultiPoint"",""coordinates"":[]}"
2021_08_29,0.335566780011569,2021-08-29,3.147252547104396,16,0.12593806735768698,305.2034335165447,289.25790781223344,"{""type"":""MultiPoint"",""coordinates"":[]}"
2021_09_14,0.3435310961524151,2021-09-14,7.2379948594412875,16,0.13065890117778733,300.61138958631284,285.9668215753459,"{""type"":""MultiPoint"",""coordinates"":[]}"
2021_09_30,0.341528885240947,2021-09-30,3.2337674777090633,16,0.12244676934720462,298.14826346683213,282.14312787889,"{""type"":""MultiPoint"",""coordinates"":[]}"
2021_10_16,0.339076636631872,2021-10-16,110.57929792258687,16,0.23657181625286283,294.0626134247362,281.3794687622741,"{""type"":""MultiPoint"",""coordinates"":[]}"
2021_11_01,0.36812382556896756,2021-11-01,26.32162482981034,16,0.24309763187874564,292.1916150206918,281.13325115428694,"{""type"":""MultiPoint"",""coordinates"":[]}"
2021_11_17,0.3920233829599299,2021-11-17,1.6512708253702861,16,0.20041356804904703,291.38795956293217,278.5287417314338,"{""type"":""MultiPoint"",""coordinates"":[]}"
2021_12_03,0.3964995648018918,2021-12-03,80.55754988755558,16,0.22959256836503644,284.6498276449111,274.9032261353764,"{""type"":""MultiPoint"",""coordinates"":[]}"
2021_12_19,0.3710109693531831,2021-12-19,99.69686762517615,16,0.305159884422596,281.68616274787956,273.65698255797287,"{""type"":""MultiPoint"",""coordinates"":[]}"
2022_01_01,0.4011177419068018,2022-01-01,12.526789468624044,16,0.257569567113846,286.2366939468519,275.40957217072327,"{""type"":""MultiPoint"",""coordinates"":[]}"
2022_01_17,0.41692682058265756,2022-01-17,0.8556028534712687,16,0.2152749391688659,287.6993588648168,275.0614032458048,"{""type"":""MultiPoint"",""coordinates"":[]}"
2022_02_02,0.40878906594406533,2022-02-02,1.090174915219847,16,0.17420896171487602,290.3770992041704,276.2908506842238,"{""type"":""MultiPoint"",""coordinates"":[]}"
2022_02_18,0.4135654464396777,2022-02-18,10.257910715011523,16,0.16948382733873027,287.4522951215122,274.22858789437015,"{""type"":""MultiPoint"",""coordinates"":[]}"
2022_03_06,0.4006913556884724,2022-03-06,9.645132121986322,16,0.16967766640318996,290.3466658926276,276.3688831496243,"{""type"":""MultiPoint"",""coordinates"":[]}"
2022_03_22,0.39831238465053975,2022-03-22,12.532766742523176,16,0.17191575265404282,294.4608438890696,280.61453745606315,"{""type"":""MultiPoint"",""coordinates"":[]}"
2022_04_07,0.3951629988617634,2022-04-07,45.333696047657966,16,0.1759461838393256,291.3425560289495,278.59183568489635,"{""type"":""MultiPoint"",""coordinates"":[]}"
2022_04_23,0.38066868894859407,2022-04-23,6.5463154905820655,16,0.15479636331179605,294.53023977705857,280.29831768984104,"{""type"":""MultiPoint"",""coordinates"":[]}"
2022_05_09,0.3677549623690179,2022-05-09,3.4965156027379094,16,0.1326455030505665,296.73455435874,281.7678020857977,"{""type"":""MultiPoint"",""coordinates"":[]}"
2022_05_25,0.37045626052963054,2022-05-25,7.862246238955487,16,0.12901790144736777,299.7617037399826,285.3756785132173,"{""type"":""MultiPoint"",""coordinates"":[]}"
2022_06_10,0.3620232155647536,2022-06-10,5.060371344001756,16,0.12873630595705807,302.03891743291257,286.62623199691666,"{""type"":""MultiPoint"",""coordinates"":[]}"
2022_06_26,0.3539922621659584,2022-06-26,1.3507805585942785,16,0.11500360376405948,303.62231824657835,288.5504529895061,"{""type"":""MultiPoint"",""coordinates"":[]}"
2022_07_12,0.3534613672509199,2022-07-12,0.9025357947939662,16,0.11587249782338346,306.99108515476763,291.3296390908685,"{""type"":""MultiPoint"",""coordinates"":[]}"
2022_07_28,0.35457564470603664,2022-07-28,7.793910338597031,10,0.12922255900889676,305.09532473655275,291.3512621004952,"{""type"":""MultiPoint"",""coordinates"":[]}"
2022_08_13,0.34803420155521475,2022-08-13,2.949530551427891,0,-9999.0,306.3223525854955,291.06308169245654,"{""type"":""MultiPoint"",""coordinates"":[]}"
2022_08_29,0.3430527398198757,2022-08-29,6.0054299625083525,0,-9999.0,307.108357216262,292.10541945057906,"{""type"":""MultiPoint"",""coordinates"":[]}"
2022_09_14,0.3465689664734538,2022-09-14,16.445020904394568,9,0.1543176605401593,299.88271300420865,286.29691867954676,"{""type"":""MultiPoint"",""coordinates"":[]}"
2022_09_30,0.35069778661953727,2022-09-30,2.1445861418042274,16,0.12682691194948909,301.498512318658,286.81985745044426,"{""type"":""MultiPoint"",""coordinates"":[]}"
2022_10_16,0.35107389295339125,2022-10-16,1.540737741681099,16,0.1250336750725332,295.0077308801621,281.0531381148861,"{""type"":""MultiPoint"",""coordinates"":[]}"
2022_11_01,0.34748180805395285,2022-11-01,48.27180132079542,16,0.23011377708795616,286.22137882757346,275.5356983119798,"{""type"":""MultiPoint"",""coordinates"":[]}"
2022_11_17,0.35338138629704163,2022-11-17,17.794238861877204,15,0.18995916100086285,287.65643180961604,274.8452862320786,"{""type"":""MultiPoint"",""coordinates"":[]}"
2022_12_03,0.3582425822776313,2022-12-03,66.3434372408866,16,0.2581309317745411,282.77583406847555,273.0068593614592,"{""type"":""MultiPoint"",""coordinates"":[]}"
2022_12_19,0.3807291126644904,2022-12-19,104.06247993885448,16,0.2766981047543601,284.934682741696,276.29976276299794,"{""type"":""MultiPoint"",""coordinates"":[]}"
2023_01_01,0.40359741015579115,2023-01-01,198.45682573177038,16,0.3370938753088478,283.43023291208186,276.24050366205284,"{""type"":""MultiPoint"",""coordinates"":[]}"
2023_01_17,0.4082725708617939,2023-01-17,8.438914250611933,16,0.27508825671624715,283.76833745702316,272.2484508393719,"{""type"":""MultiPoint"",""coordinates"":[]}"
2023_02_02,0.41242397368003797,2023-02-02,70.28875113688088,16,0.24989728244928106,284.3568359698268,273.08462592347456,"{""type"":""MultiPoint"",""coordinates"":[]}"
2023_02_18,0.40200549032654354,2023-02-18,40.465143850753826,16,0.25327761082897216,285.00187724085436,273.7634246032551,"{""type"":""MultiPoint"",""coordinates"":[]}"
2023_03_06,0.40393690052695014,2023-03-06,149.54622976227805,16,0.29802754794473024,285.4673113391592,276.2947532796051,"{""type"":""MultiPoint"",""coordinates"":[]}"
2023_03_22,0.4346340689386631,2023-03-22,44.874726149305296,16,0.26744548851911476,284.5346736661629,273.780266038288,"{""type"":""MultiPoint"",""coordinates"":[]}"
2023_04_07,0.4245086163637428,2023-04-07,7.966583847389065,16,0.21059155932715715,291.8067018597676,278.51120040543043,"{""type"":""MultiPoint"",""coordinates"":[]}"
2023_04_23,0.4108459773673118,2023-04-23,19.988773595627674,16,0.18572095174197897,293.785191538227,280.98245773007443,"{""type"":""MultiPoint"",""coordinates"":[]}"
2023_05_09,0.4077739437188761,2023-05-09,1.590230405246164,16,0.16965237449323697,299.57504063627863,284.907291488772,"{""type"":""MultiPoint"",""coordinates"":[]}"
2023_05_25,0.399143261671653,2023-05-25,6.606333638593742,16,0.15057892897007835,297.57955961628835,284.4315028685464,"{""type"":""MultiPoint"",""coordinates"":[]}"
2023_06_10,0.39569992414266164,2023-06-10,5.443143528573626,16,0.14720968013260358,298.23136387228,284.75311842760226,"{""type"":""MultiPoint"",""coordinates"":[]}"
2023_06_26,0.38999988291923776,2023-06-26,0.6717573074108217,16,0.12716132498480204,304.0230089260816,288.29672207152487,"{""type"":""MultiPoint"",""coordinates"":[]}"
2023_07_12,0.3836796703820164,2023-07-12,0.2115782998483042,16,0.12668156886183798,307.99661913425166,291.9202415278027,"{""type"":""MultiPoint"",""coordinates"":[]}"
2023_07_28,0.3773205252242816,2023-07-28,1.0300297917722843,16,0.12063041132287376,304.85163376819526,289.73581612183995,"{""type"":""MultiPoint"",""coordinates"":[]}"
2023_08_13,0.3839670062067143,2023-08-13,34.83132522637983,16,0.17031877569121412,304.1566478097033,290.3009599631668,"{""type"":""MultiPoint"",""coordinates"":[]}"
2023_08_29,0.3859676794212459,2023-08-29,7.744674390310807,16,0.15157684791435516,301.60351910869736,287.75126146830627,"{""type"":""MultiPoint"",""coordinates"":[]}"
2023_09_14,0.3828868172337159,2023-09-14,5.883188271513421,16,0.13125598149900586,299.21829862987664,285.18909606122924,"{""type"":""MultiPoint"",""coordinates"":[]}"
2023_09_30,0.385342892866436,2023-09-30,8.105239154602012,16,0.16442492118167223,296.8561101873045,283.85986821101363,"{""type"":""MultiPoint"",""coordinates"":[]}"
2023_10_16,0.382225195408566,2023-10-16,7.113641820696692,16,0.1603248295395564,294.9863154066825,281.46229236303924,"{""type"":""MultiPoint"",""coordinates"":[]}"
2023_11_01,0.3737058541023114,2023-11-01,18.169612138435248,16,0.18378793090651266,292.236546932064,279.49396820261876,"{""type"":""MultiPoint"",""coordinates"":[]}"
2023_11_17,0.38955136721749284,2023-11-17,26.77764528458822,16,0.2071657305076126,287.44326006257694,276.05163854836843,"{""type"":""MultiPoint"",""coordinates"":[]}"
2023_12_03,0.3850532478392511,2023-12-03,32.742913315850025,16,0.19698332453812797,288.06898312950625,276.47694156909967,"{""type"":""MultiPoint"",""coordinates"":[]}"
2023_12_19,0.4107501962121274,2023-12-19,60.90166585443644,16,0.2863045717064318,285.86074683215304,277.1958902056343,"{""type"":""MultiPoint"",""coordinates"":[]}"
2024_01_01,0.3996954444032213,2024-01-01,57.651087668642916,16,0.2674061320958929,283.09891191974776,273.4782122999436,"{""type"":""MultiPoint"",""coordinates"":[]}"
2024_01_17,0.4347027127130453,2024-01-17,89.6771175600816,16,0.30828366519124784,287.36283163231695,278.84826494623894,"{""type"":""MultiPoint"",""coordinates"":[]}"
2024_02_02,0.43338377474436174,2024-02-02,94.20145786373385,16,0.31921524470362694,283.9826696524624,275.41043289310187,"{""type"":""MultiPoint"",""coordinates"":[]}"
2024_02_18,0.44640639377245067,2024-02-18,92.1900470141483,16,0.2997291027068067,286.53068022968625,277.0818657698558,"{""type"":""MultiPoint"",""coordinates"":[]}"
2024_03_05,0.44850234447005877,2024-03-05,21.78565688037438,16,0.261931911953428,288.60737180339885,277.34087991050507,"{""type"":""MultiPoint"",""coordinates"":[]}"
2024_03_21,0.46786319667225207,2024-03-21,66.02512488086947,16,0.2530797337850873,287.82461209662205,277.1863637755063,"{""type"":""MultiPoint"",""coordinates"":[]}"
2024_04_06,0.4513568562443569,2024-04-06,16.631918247292447,16,0.2344817657104293,293.13927122646743,279.54747427543987,"{""type"":""MultiPoint"",""coordinates"":[]}"
2024_04_22,0.45163477588829565,2024-04-22,23.221744870617776,16,0.1888030919870693,292.7572507275113,280.03737061655113,"{""type"":""MultiPoint"",""coordinates"":[]}"
2024_05_08,0.4252949436319288,2024-05-08,0.27092277295947975,16,0.154606639055103,298.04427153301197,283.95184190688445,"{""type"":""MultiPoint"",""coordinates"":[]}"
2024_05_24,0.403741198342093,2024-05-24,1.4634149917476693,16,0.12348310182414601,300.78566400778044,286.17129952153846,"{""type"":""MultiPoint"",""coordinates"":[]}"
2024_06_09,0.3963016421108315,2024-06-09,0.19175162826503225,16,0.11927780380664074,303.01123314524557,287.8522285408456,"{""type"":""MultiPoint"",""coordinates"":[]}"
2024_06_25,0.3889643507839459,2024-06-25,0.0905244464159203,16,0.11691945744797047,307.5654993670604,291.81715424537225,"{""type"":""MultiPoint"",""coordinates"":[]}"
2024_07_11,0.3832322800604698,2024-07-11,2.241808804743874,16,0.1268411613785292,307.65708784546166,292.8047044391966,"{""type"":""MultiPoint"",""coordinates"":[]}"
2024_07_27,0.3746882626697689,2024-07-27,1.0095802970060213,16,0.12026749159857224,306.77224431982563,291.0696096418854,"{""type"":""MultiPoint"",""coordinates"":[]}"
2024_08_12,0.36965304609733074,2024-08-12,6.433485860753668,16,0.12481514891069181,302.6601826286185,287.70458295601367,"{""type"":""MultiPoint"",""coordinates"":[]}"
2024_08_28,0.36768386330581837,2024-08-28,0.7658564589329407,16,0.12256101067541024,305.032357861034,289.72822930108805,"{""type"":""MultiPoint"",""coordinates"":[]}"
2024_09_13,0.3654460434553765,2024-09-13,2.638019401500377,16,0.12324544728374029,300.04971990713454,285.79637254849655,"{""type"":""MultiPoint"",""coordinates"":[]}"
2024_09_29,0.36002230470261226,2024-09-29,0.9451011640075019,16,0.12333084738041133,303.14733157277425,287.93320490220725,"{""type"":""MultiPoint"",""coordinates"":[]}"
2024_10_15,0.36488535550357176,2024-10-15,9.331484342060007,16,0.13892973560004768,294.32526451827835,280.9898510752375,"{""type"":""MultiPoint"",""coordinates"":[]}"
2024_10_31,0.3661406398501867,2024-10-31,25.44929891566449,16,0.18623604069651273,288.7019737442695,277.1121293614598,"{""type"":""MultiPoint"",""coordinates"":[]}"
2024_11_16,0.355083567092524,2024-11-16,99.5903284237262,16,0.22825581920217597,286.1216808894176,275.76104524876143,"{""type"":""MultiPoint"",""coordinates"":[]}"
2024_12_02,0.35891090290373306,2024-12-02,44.533308298121376,16,0.22593439636691978,287.3707254163804,276.23312833661925,"{""type"":""MultiPoint"",""coordinates"":[]}"
2024_12_18,0.35295353538856167,2024-12-18,64.95292915210825,16,0.26401681270264904,287.29729652806185,277.2039750460145,"{""type"":""MultiPoint"",""coordinates"":[]}"
2025_01_01,0.3872547594711082,2025-01-01,3.8780186408128765,16,0.24238502098279147,286.342813121555,273.8871995751864,"{""type"":""MultiPoint"",""coordinates"":[]}"
2025_01_17,0.38531224554597027,2025-01-17,30.423854682050735,16,0.2104563919759153,286.01907317289437,273.4992544143411,"{""type"":""MultiPoint"",""coordinates"":[]}"
2025_02_02,0.3829266886074431,2025-02-02,125.23839900344434,16,0.2758406732286105,285.27253404356634,275.40088163061694,"{""type"":""MultiPoint"",""coordinates"":[]}"
2025_02_18,0.38590860554631384,2025-02-18,25.653804960119178,16,0.25087287189601276,289.7925170255153,277.4559756252465,"{""type"":""MultiPoint"",""coordinates"":[]}"
2025_03_06,0.4074192822866047,2025-03-06,67.77802244279255,15,0.2725724912817526,286.38489570929346,275.50306379966213,"{""type"":""MultiPoint"",""coordinates"":[]}"
2025_03_22,0.42088323588616866,2025-03-22,36.602384294283716,16,0.23438319763864646,290.5746181503778,278.8647782388023,"{""type"":""MultiPoint"",""coordinates"":[]}"
2025_04_07,0.4263984874935773,2025-04-07,1.1972365690385196,16,0.1886743885188086,295.0946493794929,281.13867173755654,"{""type"":""MultiPoint"",""coordinates"":[]}"
2025_04_23,0.42492468922012017,2025-04-23,10.594957346323053,16,0.16792309622157425,293.3810152472149,281.02239001465284,"{""type"":""MultiPoint"",""coordinates"":[]}"
2025_05_09,0.40255486352893866,2025-05-09,5.475683061503299,16,0.14599054249605756,297.21962406731046,283.12245313436404,"{""type"":""MultiPoint"",""coordinates"":[]}"
2025_05_25,0.3880927796576995,2025-05-25,1.015933723450209,16,0.12336143165452715,302.02214178059154,287.169776179793,"{""type"":""MultiPoint"",""coordinates"":[]}"
2025_06_10,0.38442039682705226,2025-06-10,0.30037071051660297,16,0.11675567670373008,301.82923372168784,286.5552240989134,"{""type"":""MultiPoint"",""coordinates"":[]}"
2025_06_26,0.38207433080869574,2025-06-26,1.0566380676832992,16,0.11516037843241216,304.36327199913023,288.91559852192427,"{""type"":""MultiPoint"",""coordinates"":[]}"
2025_07_12,0.3725065051687739,2025-07-12,1.3563624051295742,16,0.11664951566176468,303.3864157934209,288.99241230505675,"{""type"":""MultiPoint"",""coordinates"":[]}"
2025_07_28,0.3765203070254226,2025-07-28,0.920832791133738,16,0.1154979099336031,305.17263849871665,289.8765433711639,"{""type"":""MultiPoint"",""coordinates"":[]}"
2025_08_13,0.36969428914786806,2025-08-13,5.952051163041985,16,0.12300944834633545,304.5708824427884,290.17300353500593,"{""type"":""MultiPoint"",""coordinates"":[]}"
2025_08_29,0.36948867838801736,2025-08-29,5.971777005211472,16,0.13602975609711296,301.91131203890325,288.43949112123903,"{""type"":""MultiPoint"",""coordinates"":[]}"
2025_09_14,0.3708082522018004,2025-09-14,12.559418585086117,16,0.1473374751983381,300.64430419464463,287.87900202867,"{""type"":""MultiPoint"",""coordinates"":[]}"
2025_09_30,0.3773681066755695,2025-09-30,36.04241884895893,16,0.19130134479290847,294.044880388575,282.69041561022146,"{""type"":""MultiPoint"",""coordinates"":[]}"
2025_10_16,0.39012900528420774,2025-10-16,12.805877111979376,16,0.2041627918740337,294.92730189333975,281.88391064363026,"{""type"":""MultiPoint"",""coordinates"":[]}"
2025_11_01,0.4024406619728044,2025-11-01,82.95630623340713,16,0.24340967910720662,293.21549019346156,282.50805383886717,"{""type"":""MultiPoint"",""coordinates"":[]}"
2025_11_17,0.4437846134956677,2025-11-17,24.507942158054313,16,0.2950634207510192,286.79328519066866,277.3409752984946,"{""type"":""MultiPoint"",""coordinates"":[]}"
2025_12_03,0.4465752468462335,2025-12-03,17.73650075071536,15,0.21560192299089648,288.924379661118,278.4172776050138,"{""type"":""MultiPoint"",""coordinates"":[]}"
2025_12_19,0.47180832454986976,2025-12-19,137.71359877826526,13,0.3067796428572346,286.4235957578554,278.7696054511748,"{""type"":""MultiPoint"",""coordinates"":[]}"
